N,CPU_Time,GPU_Time,MPI_Time,CPU_GFLOPs,GPU_GFLOPs,MPI_GFLOPs
50,6.888e-05,0.000476323,,3.6295,0.524854,
100,0.000737405,0.000663844,,2.71221,3.01276,
200,0.00683614,0.000610403,,2.3405,26.2122,
1024,5.53132,0.00201777,,0.388241,1064.28,
2048,NA,0.0150164,,NA,1144.07,
4096,NA,0.120607,,NA,1139.56,
8192,NA,0.952033,,NA,1154.91,
12000,NA,3.11144,,NA,1110.74,
15000,NA,6.5995,,NA,1022.81,
